Model,ROC-AUC,PR-AUC,Precision@100,False Positive Rate,False Negative Rate,Anomaly Rate,Overall_Score
LSTM Autoencoder,1.0,1.0,0.33,0.0,0.0,0.059782608695652176,0.8659999999999999
Deep SVDD,0.0,0.847482217324128,-1.0,0.0,0.0,0.9045138888888888,0.2542446651972384
